{"accessible": {"time": 291, "meter_total": 242.34910567550398, "meter_challenging": 0, "meter_difficult": 0, "steps": 0, "path": [[52.3925644, 13.1309237, 52.3924004, 13.1306462, "accessible"], [52.3924004, 13.1306462, 52.3923874, 13.1304987, "accessible"], [52.3923874, 13.1304987, 52.3925475, 13.1303775, "accessible"], [52.3925475, 13.1303775, 52.3926382, 13.1303008, "accessible"], [52.3926382, 13.1303008, 52.3927349, 13.1302554, "accessible"], [52.3927349, 13.1302554, 52.3927865, 13.1302171, "accessible"], [52.3927865, 13.1302171, 52.3928255, 13.1301882, "accessible"], [52.3928255, 13.1301882, 52.3929401, 13.1300632, "accessible"], [52.3929401, 13.1300632, 52.3928695, 13.1298161, "accessible"], [52.3928695, 13.1298161, 52.3929823, 13.1298041, "accessible"], [52.3929823, 13.1298041, 52.3930845, 13.1297933, "accessible"], [52.3930845, 13.1297933, 52.3935379, 13.1297453, "accessible"], [52.3935379, 13.1297453, 52.3935679, 13.1297421, "accessible"], [52.3935679, 13.1297421, 52.3935568, 13.1294885, "accessible"], [52.3935568, 13.1294885, 52.3935441, 13.1291981, "accessible"], [52.3935441, 13.1291981, 52.3935414, 13.1291368, "accessible"], [52.3925644, 13.1309237, 52.3924004, 13.1306462, "accessible"], [52.3924004, 13.1306462, 52.3923874, 13.1304987, "accessible"], [52.3923874, 13.1304987, 52.3925475, 13.1303775, "accessible"], [52.3925475, 13.1303775, 52.3926382, 13.1303008, "accessible"], [52.3926382, 13.1303008, 52.3927349, 13.1302554, "accessible"], [52.3927349, 13.1302554, 52.3927865, 13.1302171, "accessible"], [52.3927865, 13.1302171, 52.3928255, 13.1301882, "accessible"], [52.3928255, 13.1301882, 52.3929401, 13.1300632, "accessible"], [52.3929401, 13.1300632, 52.3928695, 13.1298161, "accessible"], [52.3928695, 13.1298161, 52.3929823, 13.1298041, "accessible"], [52.3929823, 13.1298041, 52.3930845, 13.1297933, "accessible"], [52.3930845, 13.1297933, 52.3935379, 13.1297453, "accessible"], [52.3935379, 13.1297453, 52.3935679, 13.1297421, "accessible"], [52.3935679, 13.1297421, 52.3935568, 13.1294885, "accessible"], [52.3935568, 13.1294885, 52.3935441, 13.1291981, "accessible"], [52.3935441, 13.1291981, 52.3935414, 13.1291368, "accessible"], [52.3935441, 13.1291981, 52.3935414, 13.1291368, "accessible"], [52.3935568, 13.1294885, 52.3935441, 13.1291981, "accessible"], [52.3935679, 13.1297421, 52.3935568, 13.1294885, "accessible"], [52.3935379, 13.1297453, 52.3935679, 13.1297421, "accessible"], [52.3930845, 13.1297933, 52.3935379, 13.1297453, "accessible"], [52.3929823, 13.1298041, 52.3930845, 13.1297933, "accessible"], [52.3928695, 13.1298161, 52.3929823, 13.1298041, "accessible"], [52.3929401, 13.1300632, 52.3928695, 13.1298161, "accessible"], [52.3928255, 13.1301882, 52.3929401, 13.1300632, "accessible"], [52.3927865, 13.1302171, 52.3928255, 13.1301882, "accessible"], [52.3927349, 13.1302554, 52.3927865, 13.1302171, "accessible"], [52.3926382, 13.1303008, 52.3927349, 13.1302554, "accessible"], [52.3925475, 13.1303775, 52.3926382, 13.1303008, "accessible"], [52.3923874, 13.1304987, 52.3925475, 13.1303775, "accessible"], [52.3924004, 13.1306462, 52.3923874, 13.1304987, "accessible"], [52.3925644, 13.1309237, 52.3924004, 13.1306462, "accessible"]]}, "challenging": {"time": 291, "meter_total": 242.34910567550398, "meter_challenging": 0, "meter_difficult": 0, "steps": 0, "path": [[52.3925644, 13.1309237, 52.3924004, 13.1306462, "accessible"], [52.3924004, 13.1306462, 52.3923874, 13.1304987, "accessible"], [52.3923874, 13.1304987, 52.3925475, 13.1303775, "accessible"], [52.3925475, 13.1303775, 52.3926382, 13.1303008, "accessible"], [52.3926382, 13.1303008, 52.3927349, 13.1302554, "accessible"], [52.3927349, 13.1302554, 52.3927865, 13.1302171, "accessible"], [52.3927865, 13.1302171, 52.3928255, 13.1301882, "accessible"], [52.3928255, 13.1301882, 52.3929401, 13.1300632, "accessible"], [52.3929401, 13.1300632, 52.3928695, 13.1298161, "accessible"], [52.3928695, 13.1298161, 52.3929823, 13.1298041, "accessible"], [52.3929823, 13.1298041, 52.3930845, 13.1297933, "accessible"], [52.3930845, 13.1297933, 52.3935379, 13.1297453, "accessible"], [52.3935379, 13.1297453, 52.3935679, 13.1297421, "accessible"], [52.3935679, 13.1297421, 52.3935568, 13.1294885, "accessible"], [52.3935568, 13.1294885, 52.3935441, 13.1291981, "accessible"], [52.3935441, 13.1291981, 52.3935414, 13.1291368, "accessible"], [52.3925644, 13.1309237, 52.3924004, 13.1306462, "accessible"], [52.3924004, 13.1306462, 52.3923874, 13.1304987, "accessible"], [52.3923874, 13.1304987, 52.3925475, 13.1303775, "accessible"], [52.3925475, 13.1303775, 52.3926382, 13.1303008, "accessible"], [52.3926382, 13.1303008, 52.3927349, 13.1302554, "accessible"], [52.3927349, 13.1302554, 52.3927865, 13.1302171, "accessible"], [52.3927865, 13.1302171, 52.3928255, 13.1301882, "accessible"], [52.3928255, 13.1301882, 52.3929401, 13.1300632, "accessible"], [52.3929401, 13.1300632, 52.3928695, 13.1298161, "accessible"], [52.3928695, 13.1298161, 52.3929823, 13.1298041, "accessible"], [52.3929823, 13.1298041, 52.3930845, 13.1297933, "accessible"], [52.3930845, 13.1297933, 52.3935379, 13.1297453, "accessible"], [52.3935379, 13.1297453, 52.3935679, 13.1297421, "accessible"], [52.3935679, 13.1297421, 52.3935568, 13.1294885, "accessible"], [52.3935568, 13.1294885, 52.3935441, 13.1291981, "accessible"], [52.3935441, 13.1291981, 52.3935414, 13.1291368, "accessible"], [52.3935441, 13.1291981, 52.3935414, 13.1291368, "accessible"], [52.3935568, 13.1294885, 52.3935441, 13.1291981, "accessible"], [52.3935679, 13.1297421, 52.3935568, 13.1294885, "accessible"], [52.3935379, 13.1297453, 52.3935679, 13.1297421, "accessible"], [52.3930845, 13.1297933, 52.3935379, 13.1297453, "accessible"], [52.3929823, 13.1298041, 52.3930845, 13.1297933, "accessible"], [52.3928695, 13.1298161, 52.3929823, 13.1298041, "accessible"], [52.3929401, 13.1300632, 52.3928695, 13.1298161, "accessible"], [52.3928255, 13.1301882, 52.3929401, 13.1300632, "accessible"], [52.3927865, 13.1302171, 52.3928255, 13.1301882, "accessible"], [52.3927349, 13.1302554, 52.3927865, 13.1302171, "accessible"], [52.3926382, 13.1303008, 52.3927349, 13.1302554, "accessible"], [52.3925475, 13.1303775, 52.3926382, 13.1303008, "accessible"], [52.3923874, 13.1304987, 52.3925475, 13.1303775, "accessible"], [52.3924004, 13.1306462, 52.3923874, 13.1304987, "accessible"], [52.3925644, 13.1309237, 52.3924004, 13.1306462, "accessible"]]}, "difficult": {"time": 291, "meter_total": 242.34910567550398, "meter_challenging": 0, "meter_difficult": 0, "steps": 0,