{"time": 2367, "path": [[52.3946003, 13.1347139], [52.3946473, 13.1346632], [52.3946575, 13.1346185], [52.3946439, 13.1344898], [52.39462, 13.1343376], [52.3946279, 13.134217], [52.3946909, 13.1340091], [52.3947269, 13.1338146], [52.3947267, 13.1337208], [52.3946437, 13.1330259], [52.394598, 13.132901], [52.394483, 13.1319223], [52.3943105, 13.1304551], [52.3942393, 13.1301466], [52.3942339, 13.1300296], [52.3942216, 13.1297234], [52.3942124, 13.129675], [52.394196, 13.129632], [52.3941775, 13.1296019], [52.3941711, 13.1295941], [52.3941407, 13.1295688], [52.3939894, 13.1295428], [52.3940036, 13.1295226], [52.3940149, 13.1294939], [52.3940207, 13.129461], [52.3940203, 13.1294268], [52.3939833, 13.1289173], [52.3939541, 13.1285135], [52.3938519, 13.1283226], [52.3938499, 13.1282499], [52.393836, 13.1276817], [52.393829, 13.1273966], [52.3938233, 13.1271617], [52.3937767, 13.1271635], [52.3937676, 13.1271639], [52.3937191, 13.1271638], [52.3937046, 13.127118], [52.3936943, 13.1270952], [52.3936914, 13.1270886], [52.3936766, 13.1270632], [52.3936597, 13.1270403], [52.3935826, 13.1270164], [52.3935171, 13.1269961], [52.393026, 13.1268441], [52.39288, 13.1267989], [52.3928706, 13.1264759], [52.3927727, 13.126435], [52.3927701, 13.1262897], [52.3927698, 13.1262762], [52.3927545, 13.1254306], [52.3927537, 13.1253875], [52.3927449, 13.1248999], [52.3926494, 13.1249004], [52.3926172, 13.1248833], [52.39259, 13.1248239], [52.3925675, 13.1247798], [52.3925194, 13.1247499], [52.3924765, 13.1247265], [52.3924627, 13.1247135], [52.3924483, 13.124522], [52.3924344, 13.1242978], [52.392411, 13.1239468], [52.3923791, 13.1234684], [52.3922034, 13.1234999], [52.3921336, 13.1235124], [52.3921377, 13.1235711]]}